{
    "tick" : "<:white_tick:1224338234314592329>",
    "cross" : "<:white_cross:1224338316552573072>",
    "arrow" : "<a:Arrow_White:1224324150265647226>",
    "channel" : "<:white_us:1224324588108779521>",
    "reason" : "<:Icon_Logs:1218435279006859354>",
    "admin" : "<:white_admin:1224334125842825216>",
    "utility" : "<:nisi_util:1223931877702766594>",
    "info" : "<:emoji_3:1223931721381052457>",
    "dot" : "<a:Arrow_White:1224324150265647226>",
    "enabled" : "<:White_tick:1224338386979131493>",
    "disabled" : "<:white_cross:1224338316552573072>",
    "antinuke" : "<:emoji_2:1223931602216681572>",
    "everyone" : "<:mention:1224332789965652031>",
    "invites" : "<:nisi_link:1223933152146489404>",
    "owner" : "<:white_crown:1224334070956294196>",
    "boost" : "<:booster:1224334509697142845>",
    "textChannel" : "<:white_us:1224324588108779521>",
    "voiceChannel" : "<:emoji_35:1224334903911514113>",
    "discord_employee" : "<:icon_staff:1218437494610071584>",
    "discord_partner" : "<:icon_partnered:1218437629859725333>",
    "hypesquad_events" : "<:icon_hypesquad:1218437779420348518>",
    "house_bravery" : "<:icon_hypesquad:1218437779420348518>",
    "house_brilliance" : "<:icon_hypesquad:1218437779420348518>",
    "house_balance" : "<:icon_hypesquad:1218437779420348518>",
    "bug_hunter_level1" : "<:BugHunter_Gold_icone:1218438062879674420>",
    "bug_hunter_level2" : "<:BugHunter_Gold_icone:1218438062879674420>",
    "early_supporter" : "<:early:1218438236196704346>",
    "team_user" : "<:icon_staff:1218437494610071584>",
    "system" : "<:system:1218438672312172595>",
    "verified_bot" : "<:DevIcon:1218438811982237827>",
    "verified_developer" : "<:DevIcon:1218438811982237827>",
    "active_developer" : "<:activedev_turquoise:1218438934959357972>",
    "uptime" : "<:Icon_GreenDot:1218439035253555220>",
    "left2" : "<a:ArrowLeftWhite:1224331239708819628>",
    "left1" : "<a:ArrowLeftWhite:1224331239708819628>",
    "right1" : "<a:WhiteArrow:1224335290823344250>",
    "right2" : "<a:WhiteArrow:1224335290823344250>",
    "home" : "<:icon_generalinfo:1218439593733656647>"
}